mcq,cop,llm_cop
"-----
Question:
Chronic urethral obstruction due to benign prismatic hyperplasia can lead to the following change in kidney parenchyma
Options:
a) Hyperplasia
b) Hyperophy
c) Atrophy
d) Dyplasia
-----
",2,3
"-----
Question:
Which vitamin is supplied from only animal source:
Options:
a) Vitamin C
b) Vitamin B7
c) Vitamin B12
d) Vitamin D
-----
",2,3
"-----
Question:
All of the following are surgical options for morbid obesity except -
Options:
a) Adjustable gastric banding
b) Biliopancreatic diversion
c) Duodenal Switch
d) Roux en Y Duodenal By pass
-----
",3,2
