id,question,option_a,option_b,option_c,option_d,correct_option,content_raw,originality,readability,starts_with_negation,is_question,relevance,ambiguity,disclosure,difficulty,distractor_quality
OIC-005-06-A,Quelle est la définition de la responsabilité sans faute?,C'est une responsabilité engagée en cas de faute prouvée,C'est une responsabilité engagée en cas de manquement aux règles professionnelles ou scientifiques,C'est une responsabilité engagée sans faute prouvée,C'est une responsabilité engagée en cas d'erreur médicale,c,"{{objectif de connaissance
|Identifiant=OIC-005-06-A
|Item_parent=Responsabilités médicale pénale, civile, administrative et disciplinaire. La gestion des erreurs et des plaintes ; l’aléa thérapeutique
|Item_parent_short=Responsabilités médicale pénale, civile, administrative et disciplinaire. La gestion des erreurs et des plaintes ; l’aléa thérapeutique
|Rang=A
|Intitulé=Connaître la définition de la responsabilité sans faute
|Description=None
|Rubrique=Définition
|Contributeurs=Bastien Boussat
|Ordre=6}}

Dans le cas d'un dommage lié au soins mais survenu sans manquement aux règles professionnelles ou scientifiques, ni erreur, on parle de responsabilité sans faute.

Le législateur a reconnu des systèmes d’indemnisation pour lesquels la responsabilité peut être engagée à partir d’un autre fait générateur que la faute prouvée. C’est le cas de la survenue d’une infection nosocomiale.",0.3333333333333333,10.208888888888893,False,True,0.7620952129364014,0.923376182715098,False,3,False
OIC-005-06-A,Quel est l'exemple de système d'indemnisation pour lequel la responsabilité peut être engagée sans faute prouvée?,La responsabilité civile en cas de faute prouvée,La responsabilité pénale en cas de manquement aux règles professionnelles,La survenue d'une infection nosocomiale,La responsabilité administrative en cas d'erreur médicale,c,"{{objectif de connaissance
|Identifiant=OIC-005-06-A
|Item_parent=Responsabilités médicale pénale, civile, administrative et disciplinaire. La gestion des erreurs et des plaintes ; l’aléa thérapeutique
|Item_parent_short=Responsabilités médicale pénale, civile, administrative et disciplinaire. La gestion des erreurs et des plaintes ; l’aléa thérapeutique
|Rang=A
|Intitulé=Connaître la définition de la responsabilité sans faute
|Description=None
|Rubrique=Définition
|Contributeurs=Bastien Boussat
|Ordre=6}}

Dans le cas d'un dommage lié au soins mais survenu sans manquement aux règles professionnelles ou scientifiques, ni erreur, on parle de responsabilité sans faute.

Le législateur a reconnu des systèmes d’indemnisation pour lesquels la responsabilité peut être engagée à partir d’un autre fait générateur que la faute prouvée. C’est le cas de la survenue d’une infection nosocomiale.",0.8,14.250000000000004,False,True,0.7598166465759277,0.7082076072692871,True,2,False
OIC-005-07-A,Quel est le critère pour déterminer la responsabilité médicale d'un médecin ou d'un établissement de santé?,La violation d'un devoir d'humanisme,La faute prouvée,La violation des connaissances médicales avérées,La discrimination dans l'accès aux soins,b,"{{objectif de connaissance
|Identifiant=OIC-005-07-A
|Item_parent=Responsabilités médicale pénale, civile, administrative et disciplinaire. La gestion des erreurs et des plaintes ; l’aléa thérapeutique
|Item_parent_short=Responsabilités médicale pénale, civile, administrative et disciplinaire. La gestion des erreurs et des plaintes ; l’aléa thérapeutique
|Rang=A
|Intitulé=Connaître la définition de la faute
|Description=None
|Rubrique=Définition
|Contributeurs=Bastien Boussat
|Ordre=7}}

Depuis la loi du 4 mars 2002 ont été substitués aux obligations professionnelles du médecin les droits du patient légalement consacrés. Un patient peut se prévaloir d’une atteinte à l’un de ses droits pour rechercher la responsabilité d’un médecin ou d’un établissement de santé. Il lui incombe cependant de prouver la faute. L’article L.1142-1 du Code de la santé publique stipule que les professionnels et établissements de santé ne sont responsables des conséquences dommageables d’actes de prévention, de prévention ou de soins qu’en cas de faute.

'''Droits du patient'''

L’atteinte de l’un de ces droits peut constituer un fait générateur de responsabilité médicale pour faute :

- droit à la protection de la santé ;

- droit au respect de la dignité ;

- droit à ne pas subir de discrimination dans l’accès à la prévention ou aux soins ;

- droit au respect de la vie privée et au secret des informations ;

- droit de recevoir les traitements et les soins les plus appropriés et de bénéficier des thérapeutiques dont l’efficacité est reconnue et qui garantissent la meilleure sécurité sanitaire et le meilleur apaisement possible de la souffrance au regard des connaissances médicales avérées ;

- droit de ne pas subir des actes témoignant d’une obstination déraisonnable ;

- droit à une sédation profonde et continue provoquant une altération de la conscience maintenue jusqu’au décès ;

- droit de recevoir des traitements et des soins visant à soulager la souffrance ;

- droit d’accéder à des soins palliatifs et à un accompagnement ;

- droit d’être informé sur son état de santé ;

-droit à une information sur les frais auxquels l’usager pourrait être exposé à l’occasion d’activités de prévention, de diagnostic et de soins ;

- droit de refuser ou de ne pas recevoir un traitement


Le fait générateur de responsabilité doit donc être une faute prouvée. Cette faute peut revêtir différentes formes et l’on distingue habituellement :

- la faute technique, qui consiste en une violation des connaissances médicales avérées ou des données acquises de la science. Ces connaissances médicales avérées constituent un standard technique auquel le juge se réfère, et peuvent être définies en référence à la littérature scientifique médicale ainsi qu’aux recommandations de bonnes pratiques. Le juge devra se référer aux connaissances médicales avérées au moment de l’acte médical litigieux ;

- la violation d’un devoir d’humanisme, qui renvoie à la dimension « humaine » de la pratique médicale, et peut notamment résulter de l’atteinte au secret professionnel ou d’un défaut d’information ne permettant pas un consentement libre et éclairé.

Dans certains cas, le fait générateur peut prendre d’autres formes : il peut s’agir du défaut d’un produit de santé, le produit étant considéré comme défectueux lorsqu’il n’offre pas la sécurité à laquelle on peut légitimement s’attendre.",0.8333333333333334,12.037500000000005,False,True,0.8178439140319824,0.600004772345225,True,3,False
